,Title,Provider,Students,URL
0,Level 3 Diploma in Health and Social Care + Care Certificate Standards (1 to 16) Course,IOMH,"14,134 students",https://www.reed.co.uk/courses/level-3-diploma-in-health-and-social-care--care-certificate-standards-1-to-16-course/348218#/courses/online
1,"Microsoft Office Skills (Microsoft Excel, Word, PowerPoint) Administration & Office Skills",NextGen Learning,"9,294 students",https://www.reed.co.uk/courses/microsoft-office-skills-microsoft-excel-word-powerpoint-administration-office-skills/363674#/courses/online
2,Cyber IT Security Career Package inc Job Placement,ITonlinelearning,"1,580 enquiries",https://www.reed.co.uk/courses/cyber-it-security-career-package-inc-job-placement/241305#/courses/online
3,Data Analyst Career Programme with a Job Guarantee,Newto Training Limited,303 enquiries,https://www.reed.co.uk/courses/data-analyst-career-programme-with-a-job-guarantee/374097#/courses/online
4,Microsoft Excel Complete Course - Beginner To Professional (Updated 2025),Janets,"9,946 students",https://www.reed.co.uk/courses/microsoft-excel-complete-course-beginner-to-professional-updated-2025/227846#/courses/online
5,Microsoft Word: from ZERO to ADVANCED,LearningWhilePracticing,521 students,https://www.reed.co.uk/courses/microsoft-word-from-zero-to-advanced/366884#/courses/online
6,"Level 1, 2 & 3 Diploma in Food Hygiene and Safety for Catering with HACCP & Food Allergen",Training Express Ltd,"1,599 students",https://www.reed.co.uk/courses/level-1-2-3-diploma-in-food-hygiene-and-safety-for-catering-with-haccp-food-allergen/409690#/courses/online
7,Food Hygiene Level 2,Training Express Ltd,"1,366 students",https://www.reed.co.uk/courses/food-hygiene-level-2/277105#/courses/online
8,CACHE Level 3 Teaching Assistant & SEN Certificate,The Learning College Group,"15,409 enquiries",https://www.reed.co.uk/courses/cache-level-3-teaching-assistant-sen-certificate/51553#/courses/online
9,Office Administration & Reception (Receptionist) Skills Training - Level 3 Diploma,Training Express Ltd,"1,788 students",https://www.reed.co.uk/courses/office-administration-reception-receptionist-skills-training-level-3-diploma/328334#/courses/online
10,Level 2 & 3 Diploma in Health and Social Care Certificate & Healthcare Assistant Course,NextGen Learning,"1,797 students",https://www.reed.co.uk/courses/level-2-3-diploma-in-health-and-social-care-certificate-healthcare-assistant-course/358981#/courses/online
11,Level 3 Diploma in Health and Social Care + Care Certificate Standards (1 to 16) Course,Academy for Health & Fitness,721 students,https://www.reed.co.uk/courses/level-3-diploma-in-health-and-social-care--care-certificate-standards-1-to-16-course/288002#/courses/online
12,Level 5 Diploma in Health and Social Care with Care Certificate Standards (1 to 16),Academy for Health & Fitness,"2,964 students",https://www.reed.co.uk/courses/level-5-diploma-in-health-and-social-care-with-care-certificate-standards-1-to-16/289964#/courses/online
13,"COSHH, Fire Safety with Health and Safety - CPD Certified",NextGen Learning,363 students,https://www.reed.co.uk/courses/coshh-fire-safety-with-health-and-safety-cpd-certified/360586#/courses/online
14,Food Hygiene and Safety Level 3,Training Express Ltd,"16,969 students",https://www.reed.co.uk/courses/food-hygiene-and-safety-level-3/274566#/courses/online
15,Level 5 Diploma in Education & Training Online (DET - Previously known as DTLLS),Enhanced Limited,"4,349 enquiries",https://www.reed.co.uk/courses/level-5-diploma-in-education-training-online-det-previously-known-as-dtlls/196347#/courses/online
16,Data Analysis Diploma,ITonlinelearning,310 enquiries,https://www.reed.co.uk/courses/data-analysis-diploma/503587#/courses/online
17,Level 3 Safeguarding Children and Vulnerable Adults,Training Express Ltd,"1,764 students",https://www.reed.co.uk/courses/level-3-safeguarding-children-and-vulnerable-adults/329767#/courses/online
18,"Teaching Assistant Level 3 + Early Years, Teaching and Child Care & SEN Teaching Assistant",School of Health Care,"1,125 students",https://www.reed.co.uk/courses/teaching-assistant-level-3--early-years-teaching-and-child-care-sen-teaching-assistant/413756#/courses/online
19,Level 2 & 3 Diploma in Health and Social Care + Care Certificate Standards (1 to 16),EduXpress,"3,698 students",https://www.reed.co.uk/courses/level-2-3-diploma-in-health-and-social-care--care-certificate-standards-1-to-16/428392#/courses/online
20,Level 3 Diploma in Health and Social Care with Care Certificate,Training Express Ltd,"1,457 students",https://www.reed.co.uk/courses/level-3-diploma-in-health-and-social-care-with-care-certificate/355468#/courses/online
21,PRINCE2® Foundation & Practitioner - Both Exams Included,Training Deals,"8,829 enquiries",https://www.reed.co.uk/courses/prince2-foundation-practitioner-both-exams-included/98623#/courses/online
22,Level 2 Food Safety and Hygiene for Catering,Training Express Ltd,492 students,https://www.reed.co.uk/courses/level-2-food-safety-and-hygiene-for-catering/357000#/courses/online
23,Level 7 Advanced Diploma - Project Management for Project Manager,Academy for Health & Fitness,"6,790 students",https://www.reed.co.uk/courses/level-7-advanced-diploma-project-management-for-project-manager/328019#/courses/online
24,Adult Care Diploma Level 3 (RQF),Association of Learning,"3,100 enquiries",https://www.reed.co.uk/courses/adult-care-diploma-level-3-rqf/306208#/courses/online
25,"HR: Human Resources Management (Employment Law, UK Payroll & Recruitment) Diploma",Academy for Health & Fitness,"2,395 students",https://www.reed.co.uk/courses/hr-human-resources-management-employment-law-uk-payroll-recruitment-diploma/327495#/courses/online?pageno=2
26,PRINCE2® Foundation — Exam Included,Career Smarter,556 enquiries,https://www.reed.co.uk/courses/prince2-foundation--exam-included/479873#/courses/online?pageno=2
27,MSc Nursing - 100% Online,University of Essex Online,"4,538 enquiries",https://www.reed.co.uk/courses/msc-nursing-100-online/271838#/courses/online?pageno=2
28,"Data Analytics, Power BI, Tableau, Python, Cloud Computing Analyst, Microsoft Excel & IT",Career Education,406 students,https://www.reed.co.uk/courses/data-analytics-power-bi-tableau-python-cloud-computing-analyst-microsoft-excel-it/416128#/courses/online?pageno=2
29,Care Certificate Standards (1 to 16) + Level 2 and 3 diploma in Health and Social Care,Care Skills Training,"1,209 students",https://www.reed.co.uk/courses/care-certificate-standards-1-to-16--level-2-and-3-diploma-in-health-and-social-care/477502#/courses/online?pageno=2
30,"Teaching Assistant Level 1, 2 & 3 + Early Years, SEN, Primary Teaching & Child Care",Training Edge,60 students,https://www.reed.co.uk/courses/teaching-assistant-level-1-2-3--early-years-sen-primary-teaching-child-care/500772#/courses/online?pageno=2
31,"Microsoft Excel Complete Course - for Beginner, Intermediate & Advanced (Updated 2025)",Training Express Ltd,"4,033 students",https://www.reed.co.uk/courses/microsoft-excel-complete-course-for-beginner-intermediate-advanced-updated-2025/271792#/courses/online?pageno=2
32,"Xero, Quickbooks, Sage 50 Bookkeeping with Accounting and Finance for Tax, Payroll & VAT",Janets,"5,862 students",https://www.reed.co.uk/courses/xero-quickbooks-sage-50-bookkeeping-with-accounting-and-finance-for-tax-payroll-vat/229553#/courses/online?pageno=2
33,Adobe Photoshop for Beginners,LearningWhilePracticing,802 students,https://www.reed.co.uk/courses/adobe-photoshop-for-beginners/322163#/courses/online?pageno=2
34,"Food Hygiene and Safety for Catering Level 1, 2 & 3",Training Express Ltd,"4,015 students",https://www.reed.co.uk/courses/food-hygiene-and-safety-for-catering-level-1-2-3/264315#/courses/online?pageno=2
35,CIM Diploma in Professional & Digital Marketing L6 (Online),Business Consort – Digital & Social Media Academy,"3,999 enquiries",https://www.reed.co.uk/courses/cim-diploma-in-professional-digital-marketing-l6-online/56934#/courses/online?pageno=2
36,"Teaching Assistant (TA) with SEN Teaching Assistant, Autism, ADHD & Child Care",Janets,"7,934 students",https://www.reed.co.uk/courses/teaching-assistant-ta-with-sen-teaching-assistant-autism-adhd-child-care/228586#/courses/online?pageno=2
37,Level 3 Diploma in Business Administration - CPD Accredited,Royal Open College,153 students,https://www.reed.co.uk/courses/level-3-diploma-in-business-administration-cpd-accredited/453787#/courses/online?pageno=2
38,Adult Care Diploma Level 3 (RQF),NCC Home Learning,981 enquiries,https://www.reed.co.uk/courses/adult-care-diploma-level-3-rqf/210956#/courses/online?pageno=2
39,"UK Employment Law with HR, Pension & Payroll Administrator Diploma Level 3",Training Express Ltd,"1,417 students",https://www.reed.co.uk/courses/uk-employment-law-with-hr-pension-payroll-administrator-diploma-level-3/276112#/courses/online?pageno=2
40,"Advanced Diploma in Digital Marketing (Social Media Marketing, Google Ads, PPC, & SEO)",Academy for Health & Fitness,"2,305 students",https://www.reed.co.uk/courses/advanced-diploma-in-digital-marketing-social-media-marketing-google-ads-ppc-seo/336624#/courses/online?pageno=2
41,Level 3 Diploma in Control and Administration of Medication - CPD Accredited,Royal Open College,267 students,https://www.reed.co.uk/courses/level-3-diploma-in-control-and-administration-of-medication-cpd-accredited/458068#/courses/online?pageno=2
42,Teaching Assistant Diploma Level 2 & 3,Training Express Ltd,"1,267 students",https://www.reed.co.uk/courses/teaching-assistant-diploma-level-2-3/313609#/courses/online?pageno=2
43,"Microsoft Office Skills (Microsoft Excel, Word, Access), Data Analysis & Office Skills",Janets,"6,787 students",https://www.reed.co.uk/courses/microsoft-office-skills-microsoft-excel-word-access-data-analysis-office-skills/227847#/courses/online?pageno=2
44,Paediatric First Aid,Training Express Ltd,"6,974 students",https://www.reed.co.uk/courses/paediatric-first-aid/267396#/courses/online?pageno=2
45,"Care Certificate (16 Healthcare Standards), Health and Social Care & Mental Health Diploma",NextGen Learning,"3,472 students",https://www.reed.co.uk/courses/care-certificate-16-healthcare-standards-health-and-social-care-mental-health-diploma/359832#/courses/online?pageno=2
46,Level 3 Emergency First Aid at Work (EFAW) with Health and Safety Training,NextGen Learning,579 students,https://www.reed.co.uk/courses/level-3-emergency-first-aid-at-work-efaw-with-health-and-safety-training/360475#/courses/online?pageno=2
47,Cyber Security Career Programme with a Job Guarantee,Newto Training Limited,143 enquiries,https://www.reed.co.uk/courses/cyber-security-career-programme-with-a-job-guarantee/504536#/courses/online?pageno=2
48,CACHE Level 3 Award in Childcare and Education RQF,The Learning College Group,"1,384 enquiries",https://www.reed.co.uk/courses/cache-level-3-award-in-childcare-and-education-rqf/207047#/courses/online?pageno=2
49,Certificate in Bookkeeping with Basics of Accounting - Level 1 & 2,Skill Arts,385 students,https://www.reed.co.uk/courses/certificate-in-bookkeeping-with-basics-of-accounting-level-1-2/474516#/courses/online?pageno=2
50,CACHE Level 3 Award in Supporting Teaching and Learning,Online Learning College,"2,582 enquiries",https://www.reed.co.uk/courses/cache-level-3-award-in-supporting-teaching-and-learning/67950#/courses/online?pageno=3
51,First Aid Training Course,Training Express Ltd,"5,095 students",https://www.reed.co.uk/courses/first-aid-training-course/284858#/courses/online?pageno=3
52,Complete Digital Marketing Training,Future Connect Training and Recruitment Ltd,154 enquiries,https://www.reed.co.uk/courses/complete-digital-marketing-training/343237#/courses/online?pageno=3
53,Coding and Programmer Job Guarantee Programme,ITonlinelearning,300 enquiries,https://www.reed.co.uk/courses/coding-and-programmer-job-guarantee-programme/446302#/courses/online?pageno=3
54,Child Safeguarding Level 2 - CPD Accredited,Learning Point,73 students,https://www.reed.co.uk/courses/child-safeguarding-level-2-cpd-accredited/449151#/courses/online?pageno=3
55,Level 2 & 3 Safeguarding Children & Vulnerable Adults - CPD Certified,Academy for Health & Fitness,215 students,https://www.reed.co.uk/courses/level-2-3-safeguarding-children-vulnerable-adults-cpd-certified/288168#/courses/online?pageno=3
56,Level 3 Diploma for the Children and Young People’s Workforce - CPD Certified,Training Edge,60 students,https://www.reed.co.uk/courses/level-3-diploma-for-the-children-and-young-peoples-workforce-cpd-certified/471922#/courses/online?pageno=3
57,IT Technician Courses Including Job Opportunity,ITonlinelearning,"1,752 enquiries",https://www.reed.co.uk/courses/it-technician-courses-including-job-opportunity/216336#/courses/online?pageno=3
58,Functional Skills Maths Level 2 & Functional Skills English Level 2,Lead Academy,"3,859 students",https://www.reed.co.uk/courses/functional-skills-maths-level-2-functional-skills-english-level-2/290079#/courses/online?pageno=3
59,Safeguarding Children - Level 3,Training Express Ltd,262 students,https://www.reed.co.uk/courses/safeguarding-children-level-3/316377#/courses/online?pageno=3
60,"Payroll Administrator: Sage 50, Accountancy, Tax Accounting and Finance",NextGen Learning,"1,769 students",https://www.reed.co.uk/courses/payroll-administrator-sage-50-accountancy-tax-accounting-and-finance/359235#/courses/online?pageno=3
61,HLTA - Level 4 Certificate for Higher Level Teaching Assistants (RQF),The Learning College Group,"1,611 enquiries",https://www.reed.co.uk/courses/hlta-level-4-certificate-for-higher-level-teaching-assistants-rqf/50926#/courses/online?pageno=3
62,BSc (Hons) Psychology,University of Essex Online,"4,802 enquiries",https://www.reed.co.uk/courses/bsc-hons-psychology/188383#/courses/online?pageno=3
63,"Xero, Quickbooks, Sage 50 Bookkeeping with Accounting and Finance for Tax, Payroll & VAT",Training Express Ltd,152 students,https://www.reed.co.uk/courses/xero-quickbooks-sage-50-bookkeeping-with-accounting-and-finance-for-tax-payroll-vat/272306#/courses/online?pageno=3
64,CIPD Level 3 Foundation Certificate in People Practice,Reed Business School,631 enquiries,https://www.reed.co.uk/courses/cipd-level-3-foundation-certificate-in-people-practice/381459#/courses/online?pageno=3
65,Introduction to Clinical Coding - CPD Certified,Online Training Academy,104 students,https://www.reed.co.uk/courses/introduction-to-clinical-coding-cpd-certified/473376#/courses/online?pageno=3
66,Functional Skills Maths & English Level 2,The Learning College Group,174 enquiries,https://www.reed.co.uk/courses/functional-skills-maths-english-level-2/474583#/courses/online?pageno=3
67,"Level 1–3 Food Hygiene & Safety for Catering with HACCP, Allergen & Hospitality Management",Essential Safety Training,57 students,https://www.reed.co.uk/courses/level-13-food-hygiene-safety-for-catering-with-haccp-allergen-hospitality-management/506781#/courses/online?pageno=3
68,Leadership Management & Team Leader - Level 7 Advanced Diploma,Academy for Health & Fitness,"3,014 students",https://www.reed.co.uk/courses/leadership-management-team-leader-level-7-advanced-diploma/332056#/courses/online?pageno=3
69,CACHE Level 3 Award in Childcare and Education,Online Learning College,"1,961 enquiries",https://www.reed.co.uk/courses/cache-level-3-award-in-childcare-and-education/57604#/courses/online?pageno=3
70,"Office Skills: Admin, Secretarial & PA (Executive PA) with Minute Taking & Microsoft Excel",Training Express Ltd,"2,295 students",https://www.reed.co.uk/courses/office-skills-admin-secretarial-pa-executive-pa-with-minute-taking-microsoft-excel/279864#/courses/online?pageno=3
71,"Customer Service, KYC, CDD & Customer Relationship Management (CRM) Diploma",NextGen Learning,390 students,https://www.reed.co.uk/courses/customer-service-kyc-cdd-customer-relationship-management-crm-diploma/359151#/courses/online?pageno=3
72,"Counselling : Mental Health Psychology, Cognitive Behavioural Therapy & Psychotherapy",NextGen Learning,302 students,https://www.reed.co.uk/courses/counselling--mental-health-psychology-cognitive-behavioural-therapy-psychotherapy/360216#/courses/online?pageno=3
73,Certificate in Understanding the Safe Handling of Medication Level 2,Training Edge,123 students,https://www.reed.co.uk/courses/certificate-in-understanding-the-safe-handling-of-medication-level-2/408512#/courses/online?pageno=3
74,Project Management Career Programme,ITonlinelearning,"2,146 enquiries",https://www.reed.co.uk/courses/project-management-career-programme/241855#/courses/online?pageno=3
75,"Functional Skills Maths Level 2, Functional Skills English Level 2, Functional Skills IT",Training Express Ltd,660 students,https://www.reed.co.uk/courses/functional-skills-maths-level-2-functional-skills-english-level-2-functional-skills-it/272139#/courses/online?pageno=4
76,MSc Artificial Intelligence (Online),University of Liverpool Online Programmes,689 enquiries,https://www.reed.co.uk/courses/msc-artificial-intelligence-online/272758#/courses/online?pageno=4
77,Level 4 Diploma in Health and Social Care with Care Certificate,Training Express Ltd,401 students,https://www.reed.co.uk/courses/level-4-diploma-in-health-and-social-care-with-care-certificate/356869#/courses/online?pageno=4
78,CompTIA Cybersecurity Career Bundle,Career Smarter,64 enquiries,https://www.reed.co.uk/courses/comptia-cybersecurity-career-bundle/480577#/courses/online?pageno=4
79,Diploma of Biblical Studies & Christian Ministry (Online),International Career Institute,"3,872 enquiries",https://www.reed.co.uk/courses/diploma-of-biblical-studies-christian-ministry-online/20415#/courses/online?pageno=4
80,"Diploma of Counselling and Psychology (Self paced, Online)",International Career Institute,"26,830 enquiries",https://www.reed.co.uk/courses/diploma-of-counselling-and-psychology-self-paced-online/245850#/courses/online?pageno=4
81,"Anti Money Laundering (AML), KYC and Risk Management",Janets,397 students,https://www.reed.co.uk/courses/anti-money-laundering-aml-kyc-and-risk-management/267462#/courses/online?pageno=4
82,Payroll Administrator Training,Lead Academy,"1,722 students",https://www.reed.co.uk/courses/payroll-administrator-training/269611#/courses/online?pageno=4
83,Health and Safety Level 2,Training Express Ltd,313 students,https://www.reed.co.uk/courses/health-and-safety-level-2/271440#/courses/online?pageno=4
84,"Microsoft Office Skills Diploma (Microsoft Excel, Word, PowerPoint), IT & Cyber Security",Career Education,368 students,https://www.reed.co.uk/courses/microsoft-office-skills-diploma-microsoft-excel-word-powerpoint-it-cyber-security/427624#/courses/online?pageno=4
85,AAT Level 2 Certificate in Accounting,Reed Business School,85 enquiries,https://www.reed.co.uk/courses/aat-level-2-certificate-in-accounting/492529#/courses/online?pageno=4
86,"Level 1, 2 & 3 Diploma in Animal Care, Dog First Aid and Dog Training - CPD Certified",Training Edge,79 students,https://www.reed.co.uk/courses/level-1-2-3-diploma-in-animal-care-dog-first-aid-and-dog-training-cpd-certified/493999#/courses/online?pageno=4
87,Level 2 & 3 Diploma in Customer Service with Communication Skills & Conflict Management,Royal Open College,24 students,https://www.reed.co.uk/courses/level-2-3-diploma-in-customer-service-with-communication-skills-conflict-management/508132#/courses/online?pageno=4
88,Level 3 Real Estate Agent: Estate Management & Property Development - CPD Accredited,NextGen Learning,394 students,https://www.reed.co.uk/courses/level-3-real-estate-agent-estate-management-property-development-cpd-accredited/360226#/courses/online?pageno=4
89,Bookkeeping and Payroll Training with FREE AAT Level 2,KBM training,829 enquiries,https://www.reed.co.uk/courses/bookkeeping-and-payroll-training-with-free-aat-level-2/67653#/courses/online?pageno=4
90,QUALIFI Level 3 Diploma in Health and Social Care,School of Business & Technology London,842 enquiries,https://www.reed.co.uk/courses/qualifi-level-3-diploma-in-health-and-social-care/199348#/courses/online?pageno=4
91,PRINCE2 Foundation inc Exam,ITonlinelearning,26 enquiries,https://www.reed.co.uk/courses/prince2-foundation-inc-exam/220159#/courses/online?pageno=4
92,Level 7 Diploma in Leadership & Management,Training Express Ltd,500 students,https://www.reed.co.uk/courses/level-7-diploma-in-leadership-management/271940#/courses/online?pageno=4
93,Mental Health First Aid & Wellbeing Certificate,Training Express Ltd,884 students,https://www.reed.co.uk/courses/mental-health-first-aid-wellbeing-certificate/290342#/courses/online?pageno=4
94,Level 6 Diploma in Designated Safeguarding Lead (DSL) - CPD CERTIFIED,Training Edge,184 students,https://www.reed.co.uk/courses/level-6-diploma-in-designated-safeguarding-lead-dsl-cpd-certified/451189#/courses/online?pageno=4
95,Level 3 Diploma in Recruitment Consultant - CPD Accredited,Royal Open College,132 students,https://www.reed.co.uk/courses/level-3-diploma-in-recruitment-consultant-cpd-accredited/456705#/courses/online?pageno=4
96,"Level 3 Diploma in Dog Grooming, Dog Walking & Dog Training - CPD Accredited",Royal Open College,70 students,https://www.reed.co.uk/courses/level-3-diploma-in-dog-grooming-dog-walking-dog-training-cpd-accredited/459312#/courses/online?pageno=4
97,"Level 3 Diploma in Youth Work, Counselling, Mental Health and Safeguarding - CPD Certified",Royal Open College,90 students,https://www.reed.co.uk/courses/level-3-diploma-in-youth-work-counselling-mental-health-and-safeguarding-cpd-certified/459794#/courses/online?pageno=4
98,Level 3 PTLLS or Level 3 AET Course Study From Home,Russbridge Academy,146 students,https://www.reed.co.uk/courses/level-3-ptlls-or-level-3-aet-course-study-from-home/273392#/courses/online?pageno=4
99,IT Technician Full Training Programme,e-Careers,"2,522 enquiries",https://www.reed.co.uk/courses/it-technician-full-training-programme/99311#/courses/online?pageno=4
100,Cyber Security for Beginners with 4 x CompTIA Exams,Hudson,"2,186 enquiries",https://www.reed.co.uk/courses/cyber-security-for-beginners-with-4-x-comptia-exams/204810#/courses/online?pageno=5
101,AAT Level 2 Bookkeeping,KBM training,271 enquiries,https://www.reed.co.uk/courses/aat-level-2-bookkeeping/214121#/courses/online?pageno=5
102,GDPR (General Data Protection Regulation),Training Express Ltd,"3,189 students",https://www.reed.co.uk/courses/gdpr-general-data-protection-regulation/267040#/courses/online?pageno=5
103,MSc Healthcare Leadership (Online),University of Liverpool Online Programmes,313 enquiries,https://www.reed.co.uk/courses/msc-healthcare-leadership-online/272761#/courses/online?pageno=5
104,PRINCE2® 7 Foundation,Training Bytesize,182 enquiries,https://www.reed.co.uk/courses/prince2-7-foundation/279730#/courses/online?pageno=5
105,"Massage Therapy: Reflexology, Aromatherapy, Lymphatic Drainage Massage & Sports Massage",Academy for Health & Fitness,"1,142 students",https://www.reed.co.uk/courses/massage-therapy-reflexology-aromatherapy-lymphatic-drainage-massage-sports-massage/290264#/courses/online?pageno=5
106,"Microsoft Office Diploma: (Microsoft Excel, Word, PowerPoint) + Data Entry & Power BI",Training Express Ltd,428 students,https://www.reed.co.uk/courses/microsoft-office-diploma-microsoft-excel-word-powerpoint--data-entry-power-bi/324270#/courses/online?pageno=5
107,Higher Level Teaching Assistant (HLTA) - Level 4 and 5,Training Edge,44 students,https://www.reed.co.uk/courses/higher-level-teaching-assistant-hlta-level-4-and-5/465423#/courses/online?pageno=5
108,APM Project Management Qualification (PMQ),Career Smarter,160 enquiries,https://www.reed.co.uk/courses/apm-project-management-qualification-pmq/480556#/courses/online?pageno=5
109,Complete Data Analysis Course,Future Connect Training and Recruitment Ltd,168 enquiries,https://www.reed.co.uk/courses/complete-data-analysis-course/483649#/courses/online?pageno=5
110,"Complete Microsoft Office (Word, Excel, PowerPoint, 365) + Office Administration Training",High Skills Training,67 students,https://www.reed.co.uk/courses/complete-microsoft-office-word-excel-powerpoint-365--office-administration-training/492189#/courses/online?pageno=5
111,Level 7 NVQ Diploma in Construction Senior Management,Enhanced Limited,29 enquiries,https://www.reed.co.uk/courses/level-7-nvq-diploma-in-construction-senior-management/505668#/courses/online?pageno=5
112,AI Engineer Career Programme,Newto Training Limited,34 enquiries,https://www.reed.co.uk/courses/ai-engineer-career-programme/506051#/courses/online?pageno=5
113,Care Certificate Standards (1 to 16) + Level 3 diploma in Health and Social Care,Essential Safety Training,16 students,https://www.reed.co.uk/courses/care-certificate-standards-1-to-16--level-3-diploma-in-health-and-social-care/507970#/courses/online?pageno=5
114,NEBOSH Certificate Occupational Health and Safety,Astutis,480 enquiries,https://www.reed.co.uk/courses/nebosh-certificate-occupational-health-and-safety/276793#/courses/online?pageno=5
115,"Business Management, Business Analysis & Business Administration Diploma",NextGen Learning,608 students,https://www.reed.co.uk/courses/business-management-business-analysis-business-administration-diploma/357328#/courses/online?pageno=5
116,"Anti Money Laundering (AML), KYC Compliance and Risk Management - CPD Accredited",NextGen Learning,144 students,https://www.reed.co.uk/courses/anti-money-laundering-aml-kyc-compliance-and-risk-management-cpd-accredited/360588#/courses/online?pageno=5
117,"Diploma in Paralegal & Legal Secretary (Executive PA, Law & Administration)",NextGen Learning,76 students,https://www.reed.co.uk/courses/diploma-in-paralegal-legal-secretary-executive-pa-law-administration/360971#/courses/online?pageno=5
118,"Teaching Assistant 1 & 3 + Early Years, Teaching and Child Care & SEN Teaching Assistant",Training Tale,354 students,https://www.reed.co.uk/courses/teaching-assistant-1-3--early-years-teaching-and-child-care-sen-teaching-assistant/419509#/courses/online?pageno=5
119,HACCP Level 2 Training..,Course Line On Demand,11 students,https://www.reed.co.uk/courses/haccp-level-2-training/449842#/courses/online?pageno=5
120,CIPD Level 3 Fast Track,We-are-HR,155 enquiries,https://www.reed.co.uk/courses/cipd-level-3-fast-track/450243#/courses/online?pageno=5
121,CompTIA A+ (New Version),Career Smarter,68 enquiries,https://www.reed.co.uk/courses/comptia-a-new-version/478800#/courses/online?pageno=5
122,"COSHH, Fire Safety with Health and Safety - CPD Accredited",Essential Safety Training,74 students,https://www.reed.co.uk/courses/coshh-fire-safety-with-health-and-safety-cpd-accredited/501054#/courses/online?pageno=5
123,Quality Assurance (QA) Officer Level 3,Thames College,20 students,https://www.reed.co.uk/courses/quality-assurance-qa-officer-level-3/501617#/courses/online?pageno=5
124,Level 5 Diploma in Health and Social Care Certificate Standards (1 to 16),Royal Open College,26 students,https://www.reed.co.uk/courses/level-5-diploma-in-health-and-social-care-certificate-standards-1-to-16/507601#/courses/online?pageno=5
125,Level 3 Accounting & Bookkeeping Diploma with UK Tax Accounting & Payroll Management,Thames College,21 students,https://www.reed.co.uk/courses/level-3-accounting-bookkeeping-diploma-with-uk-tax-accounting-payroll-management/508259#/courses/online?pageno=6
126,PMI Project Management Professional (PMP),Career Smarter,16 enquiries,https://www.reed.co.uk/courses/pmi-project-management-professional-pmp/509707#/courses/online?pageno=6
127,"Administration Skills: Touch Typing, Audio Typing, Data Entry & Virtual Assistant",Career Education,110 students,https://www.reed.co.uk/courses/administration-skills-touch-typing-audio-typing-data-entry-virtual-assistant/424013#/courses/online?pageno=6
128,Level 3 Award in Education and Training (PTLLS) - Distance Learning,ATC Training,793 enquiries,https://www.reed.co.uk/courses/level-3-award-in-education-and-training-ptlls-distance-learning/274563#/courses/online?pageno=6
129,CIPD Level 3 Foundation Certificate in People Practice,Avado,"8,855 enquiries",https://www.reed.co.uk/courses/cipd-level-3-foundation-certificate-in-people-practice/24354#/courses/online?pageno=6
130,MSc Project Management (Online),University of Liverpool Online Programmes,719 enquiries,https://www.reed.co.uk/courses/msc-project-management-online/331376#/courses/online?pageno=6
131,"Tax Accounting and Finance (Income Tax, Vat, Payroll, Corporate Tax & Financial Analysis)",NextGen Learning,538 students,https://www.reed.co.uk/courses/tax-accounting-and-finance-income-tax-vat-payroll-corporate-tax-financial-analysis/360798#/courses/online?pageno=6
132,"Social Media Marketing: Facebook, Twitter, YouTube, Instagram, SEO & Digital Marketing",NextGen Learning,"1,184 students",https://www.reed.co.uk/courses/social-media-marketing-facebook-twitter-youtube-instagram-seo-digital-marketing/360813#/courses/online?pageno=6
133,Level 3 Office Management & Administration (Receptionist & Office Skills) Diploma,NextGen Learning,320 students,https://www.reed.co.uk/courses/level-3-office-management-administration-receptionist-office-skills-diploma/362746#/courses/online?pageno=6
134,Level 7 Advanced Diploma - Cleaning: British Cleaning with Office & Housekeeping,NextGen Learning,214 students,https://www.reed.co.uk/courses/level-7-advanced-diploma-cleaning-british-cleaning-with-office-housekeeping/363677#/courses/online?pageno=6
135,"Anti Money Laundering (AML), Know Your Client (KYC) and Risk Management Certificate",Training Express Ltd,537 students,https://www.reed.co.uk/courses/anti-money-laundering-aml-know-your-client-kyc-and-risk-management-certificate/410956#/courses/online?pageno=6
136,"Data Science, Machine Learning & AI Training",Future Connect Training and Recruitment Ltd,73 enquiries,https://www.reed.co.uk/courses/data-science-machine-learning-ai-training/428974#/courses/online?pageno=6
137,Diabetes Awareness and Diabetes Care,Skill Up,14 students,https://www.reed.co.uk/courses/diabetes-awareness-and-diabetes-care/477504#/courses/online?pageno=6
138,CACHE Level 3 Diploma for Working in the Early Years Sector,NCC Home Learning,63 enquiries,https://www.reed.co.uk/courses/cache-level-3-diploma-for-working-in-the-early-years-sector/503674#/courses/online?pageno=6
139,Diploma in Xero Accounting & Bookkeeping - From Basic to Advanced 2025,One Education,32 students,https://www.reed.co.uk/courses/diploma-in-xero-accounting-bookkeeping-from-basic-to-advanced-2025/507497#/courses/online?pageno=6
140,"Level 2 & 3 Diploma in Customer Service, KYC, CDD, CRM, Retail Operations & B2B Business",Training Express Ltd,822 students,https://www.reed.co.uk/courses/level-2-3-diploma-in-customer-service-kyc-cdd-crm-retail-operations-b2b-business/271976#/courses/online?pageno=6
141,LLB (Hons) Law - 100% Online,University of Essex Online,"2,209 enquiries",https://www.reed.co.uk/courses/llb-hons-law-100-online/57791#/courses/online?pageno=6
142,CIPD Level 5 Associate Diploma in People Management,Avado,"1,495 enquiries",https://www.reed.co.uk/courses/cipd-level-5-associate-diploma-in-people-management/224375#/courses/online?pageno=6
143,Basic Food Hygiene Certificate - Also known as Food Safety Level 2 for Catering,Training Express Ltd,543 students,https://www.reed.co.uk/courses/basic-food-hygiene-certificate-also-known-as-food-safety-level-2-for-catering/264506#/courses/online?pageno=6
144,"Level 3 Certificate in Equality, Diversity & Inclusion (EDI) - CPD Certified",Academy for Health & Fitness,323 students,https://www.reed.co.uk/courses/level-3-certificate-in-equality-diversity-inclusion-edi-cpd-certified/275354#/courses/online?pageno=6
145,"Suicide Prevention, Mental Health, Trauma, and Self-Harm Awareness Training",Training Express Ltd,166 students,https://www.reed.co.uk/courses/suicide-prevention-mental-health-trauma-and-self-harm-awareness-training/320238#/courses/online?pageno=6
146,Care Certificate Standards (1 to 16) + Level 2 & 3 Diploma in Health and Social Care,Training Express Ltd,448 students,https://www.reed.co.uk/courses/care-certificate-standards-1-to-16--level-2-3-diploma-in-health-and-social-care/355192#/courses/online?pageno=6
147,Interpreter : Level 3 Interpreter & Translator Complete Training,Wise Campus,191 students,https://www.reed.co.uk/courses/interpreter--level-3-interpreter-translator-complete-training/474755#/courses/online?pageno=6
148,CPDQE Accredited Leadership and Team Management Advanced Diploma,WriteWow Solutions,Online,https://www.reed.co.uk/courses/cpdqe-accredited-leadership-and-team-management-advanced-diploma/499143#/courses/online?pageno=6
149,Aesthetics Level 8 Advanced Diploma - CPD Certified,IBM,66 students,https://www.reed.co.uk/courses/aesthetics-level-8-advanced-diploma-cpd-certified/503911#/courses/online?pageno=6
150,Accredited Dog Walking & Pet Sitting with Emergency Care,Essential Safety Training,25 students,https://www.reed.co.uk/courses/accredited-dog-walking-pet-sitting-with-emergency-care/505706#/courses/online?pageno=7
151,Data Science Job Guarantee Programme,IT Career Switch Ltd,20 enquiries,https://www.reed.co.uk/courses/data-science-job-guarantee-programme/509559#/courses/online?pageno=7
152,Level 2 & 3 Diploma in Nail Technician with Manicures & Pedicures - CPD Accredited,Royal Open College,53 students,https://www.reed.co.uk/courses/level-2-3-diploma-in-nail-technician-with-manicures-pedicures-cpd-accredited/467016#/courses/online?pageno=7
153,Diploma of Mental Health Counselling and Psychology (Online) - CPD Certified,Academy for Health & Fitness,"1,216 students",https://www.reed.co.uk/courses/diploma-of-mental-health-counselling-and-psychology-online-cpd-certified/334671#/courses/online?pageno=7
154,Advanced Diploma in UK Employment Law,Lead Academy,276 students,https://www.reed.co.uk/courses/advanced-diploma-in-uk-employment-law/337562#/courses/online?pageno=7
155,CIPD Level 5 Associate Diploma in People Management,Reed Business School,847 enquiries,https://www.reed.co.uk/courses/cipd-level-5-associate-diploma-in-people-management/381461#/courses/online?pageno=7
156,Health and Safety Level 3,Training Express Ltd,"2,159 students",https://www.reed.co.uk/courses/health-and-safety-level-3/270718#/courses/online?pageno=7
157,IOSH Working Safely course,Princeton X,20 students,https://www.reed.co.uk/courses/iosh-working-safely-course/505399#/courses/online?pageno=7
158,AAT Level 3 Diploma in Accounting with Work Experience,KBM training,"1,525 enquiries",https://www.reed.co.uk/courses/aat-level-3-diploma-in-accounting-with-work-experience/189451#/courses/online?pageno=7
159,CMI Level 7 Diploma in Strategic Management and Leadership Practice,School of Business & Technology London,419 enquiries,https://www.reed.co.uk/courses/cmi-level-7-diploma-in-strategic-management-and-leadership-practice/199340#/courses/online?pageno=7
160,Master of Education (M.Ed.),University of Essex Online,"1,608 enquiries",https://www.reed.co.uk/courses/master-of-education-med/219672#/courses/online?pageno=7
161,MSc Project Management,University of Essex Online,"1,228 enquiries",https://www.reed.co.uk/courses/msc-project-management/219867#/courses/online?pageno=7
162,"Estate Agent, Real Estate and Estate Management with Property Development - CPD Accredited",Janets,"2,229 students",https://www.reed.co.uk/courses/estate-agent-real-estate-and-estate-management-with-property-development-cpd-accredited/239091#/courses/online?pageno=7
163,Level 4 Certificate for Higher Level Teaching Assistants,Enhanced Limited,375 enquiries,https://www.reed.co.uk/courses/level-4-certificate-for-higher-level-teaching-assistants/239444#/courses/online?pageno=7
164,First Aid at Work Training,Training Express Ltd,"5,798 students",https://www.reed.co.uk/courses/first-aid-at-work-training/264321#/courses/online?pageno=7
165,"Level 5 Proofreading, Copy Editing & Copywriting (Creative Writing) - QLS Endorsed",One Education,"1,897 students",https://www.reed.co.uk/courses/level-5-proofreading-copy-editing-copywriting-creative-writing-qls-endorsed/267227#/courses/online?pageno=7
166,"COSHH, Fire Safety & Health and Safety Training – for Workplace Risk Management",Training Express Ltd,"1,533 students",https://www.reed.co.uk/courses/coshh-fire-safety-health-and-safety-training--for-workplace-risk-management/267265#/courses/online?pageno=7
167,"First Aid and Paediatric First Aid: CPR, Oxygen First Aid, Childcare & Child Protection",Training Express Ltd,"1,678 students",https://www.reed.co.uk/courses/first-aid-and-paediatric-first-aid-cpr-oxygen-first-aid-childcare-child-protection/268295#/courses/online?pageno=7
168,Copywriting: Proofreading & Copy Editing (Creative Writing) - Level 5 QLS Endorsed,Skill Up,629 students,https://www.reed.co.uk/courses/copywriting-proofreading-copy-editing-creative-writing-level-5-qls-endorsed/287063#/courses/online?pageno=7
169,"Level 3 Diploma in SEN Teaching Assistant With Autism, ADHD & Behaviour management",Training Express Ltd,298 students,https://www.reed.co.uk/courses/level-3-diploma-in-sen-teaching-assistant-with-autism-adhd-behaviour-management/312984#/courses/online?pageno=7
170,Construction Site Management Safety Training Scheme (SMSTS),Training Express Ltd,225 students,https://www.reed.co.uk/courses/construction-site-management-safety-training-scheme-smsts/314073#/courses/online?pageno=7
171,Cyber Security Job Guarantee Programme,IT Career Switch Ltd,"1,747 enquiries",https://www.reed.co.uk/courses/cyber-security-job-guarantee-programme/316066#/courses/online?pageno=7
172,DSL: Designated Safeguarding Lead Diploma - QLS Endorsed,Compliance Central,175 students,https://www.reed.co.uk/courses/dsl-designated-safeguarding-lead-diploma-qls-endorsed/319337#/courses/online?pageno=7
173,Emergency First Aid at Work Diploma Level 3,One Education,142 students,https://www.reed.co.uk/courses/emergency-first-aid-at-work-diploma-level-3/325782#/courses/online?pageno=7
174,Start a Career in Cyber Security,Learning People,758 enquiries,https://www.reed.co.uk/courses/start-a-career-in-cyber-security/329407#/courses/online?pageno=7
175,Level 7 Advanced Diploma of Life Coaching and Mentoring (Online) - CPD Certified,Academy for Health & Fitness,"1,849 students",https://www.reed.co.uk/courses/level-7-advanced-diploma-of-life-coaching-and-mentoring-online-cpd-certified/336363#/courses/online?pageno=8
176,Project Management with Agile Project Management (APM) & Six Sigma - CPD Certified,Academy for Health & Fitness,877 students,https://www.reed.co.uk/courses/project-management-with-agile-project-management-apm-six-sigma-cpd-certified/340210#/courses/online?pageno=8
177,"Level 1 & 2 Estate Management, Real Estate Agent & Property Development",NextGen Learning,137 students,https://www.reed.co.uk/courses/level-1-2-estate-management-real-estate-agent-property-development/359523#/courses/online?pageno=8
178,Food Hygiene and Food Safety Level 2 & 3 with HACCP & Nutrition,NextGen Learning,554 students,https://www.reed.co.uk/courses/food-hygiene-and-food-safety-level-2-3-with-haccp-nutrition/359942#/courses/online?pageno=8
179,"Teaching Assistant Level 3 + Early Years, Teaching and Child Care & SEN Teaching Assistant",Royal Open College,17 students,https://www.reed.co.uk/courses/teaching-assistant-level-3--early-years-teaching-and-child-care-sen-teaching-assistant/456626#/courses/online?pageno=8
180,Child Safeguarding & Paediatric First Aid - CPD CERTIFIED,Training Edge,155 students,https://www.reed.co.uk/courses/child-safeguarding-paediatric-first-aid-cpd-certified/457983#/courses/online?pageno=8
181,"Level 3 Diploma in Nail Technician (Nail Art, Manicure, Gel Nail & Acrylic Nail)",Royal Open College,53 students,https://www.reed.co.uk/courses/level-3-diploma-in-nail-technician-nail-art-manicure-gel-nail-acrylic-nail/459433#/courses/online?pageno=8
182,Functional Skills Maths Level 2 - Full Module Tuition & Exam,The Learning College Group,220 enquiries,https://www.reed.co.uk/courses/functional-skills-maths-level-2-full-module-tuition-exam/474581#/courses/online?pageno=8
183,PRINCE2® Foundation & Practitioner,Career Smarter,132 enquiries,https://www.reed.co.uk/courses/prince2-foundation-practitioner/480019#/courses/online?pageno=8
184,Business Analyst Course,Future Connect Training and Recruitment Ltd,15 enquiries,https://www.reed.co.uk/courses/business-analyst-course/483706#/courses/online?pageno=8
185,"Level 7 Social Worker Diploma - Health and Social Care, Safeguarding and Mental Health",Care Skills Training,72 students,https://www.reed.co.uk/courses/level-7-social-worker-diploma-health-and-social-care-safeguarding-and-mental-health/487379#/courses/online?pageno=8
186,"Level 1, 2 & 3 Diploma in Food Hygiene and Safety for Catering with HACCP & Food Allergen",High Skills Training,183 students,https://www.reed.co.uk/courses/level-1-2-3-diploma-in-food-hygiene-and-safety-for-catering-with-haccp-food-allergen/492254#/courses/online?pageno=8
187,ITIL® 4 Foundation — Including Exam,Career Smarter,66 enquiries,https://www.reed.co.uk/courses/itil-4-foundation--including-exam/497424#/courses/online?pageno=8
188,"Understanding Autism, ADHD & Child Development, SEN Teaching Assistant & Childcare Level 3",Learner Ground,11 students,https://www.reed.co.uk/courses/understanding-autism-adhd-child-development-sen-teaching-assistant-childcare-level-3/497719#/courses/online?pageno=8
189,Coding and Programming Diploma,ITonlinelearning,95 enquiries,https://www.reed.co.uk/courses/coding-and-programming-diploma/503485#/courses/online?pageno=8
190,"CeMAP 1, 2 & 3 Online Study Hub – Self-Paced Learning Bundle",Futuretrend Technologies Ltd,20 enquiries,https://www.reed.co.uk/courses/cemap-1-2-3-online-study-hub--self-paced-learning-bundle/507313#/courses/online?pageno=8
191,"Diploma in Admin, Secretarial & PA Skills with Minute Taking and Document Management",High Skills Training,Online,https://www.reed.co.uk/courses/diploma-in-admin-secretarial-pa-skills-with-minute-taking-and-document-management/509544#/courses/online?pageno=8
192,Microsoft Certified Power BI Data Analyst Associate,Career Smarter,Online,https://www.reed.co.uk/courses/microsoft-certified-power-bi-data-analyst-associate/511173#/courses/online?pageno=8
193,Microsoft Word Beginner To Professional,Course Line On Demand,68 students,https://www.reed.co.uk/courses/microsoft-word-beginner-to-professional/439789#/courses/online?pageno=8
194,Cyber Security Job Programme for complete beginners,IT Certify,962 enquiries,https://www.reed.co.uk/courses/cyber-security-job-programme-for-complete-beginners/247781#/courses/online?pageno=8
195,MSc Computer Science,University of Essex Online,244 enquiries,https://www.reed.co.uk/courses/msc-computer-science/271832#/courses/online?pageno=8
196,Level 3 Diploma in Mental Health,Academy for Health & Fitness,173 students,https://www.reed.co.uk/courses/level-3-diploma-in-mental-health/274677#/courses/online?pageno=8
197,AAT Level 3 Diploma in Accounting with Xero/ Sage/ Quickbooks,KBM training,10 enquiries,https://www.reed.co.uk/courses/aat-level-3-diploma-in-accounting-with-xero-sage-quickbooks/274684#/courses/online?pageno=8
198,"Level 5 & 7 Diploma in Facilities Management, Project Management and Operations Management",Training Express Ltd,264 students,https://www.reed.co.uk/courses/level-5-7-diploma-in-facilities-management-project-management-and-operations-management/280717#/courses/online?pageno=8
199,Youth Work Training and Young People's Mental Health,Training Express Ltd,"1,211 students",https://www.reed.co.uk/courses/youth-work-training-and-young-peoples-mental-health/282419#/courses/online?pageno=8
200,AAT level 2 foundation certificate in Bookkeeping,KBM training,35 enquiries,https://www.reed.co.uk/courses/aat-level-2-foundation-certificate-in-bookkeeping/284122#/courses/online?pageno=9
201,"CIPD Level 3 Foundation Certificate in People Practice (Online, Self-Paced)",Watson Martin,379 enquiries,https://www.reed.co.uk/courses/cipd-level-3-foundation-certificate-in-people-practice-online-self-paced/311823#/courses/online?pageno=9
202,CeMAP 123 Home Study - Special Offer!,Futuretrend Technologies Ltd,543 enquiries,https://www.reed.co.uk/courses/cemap-123-home-study-special-offer/312791#/courses/online?pageno=9
203,"Dog First Aid, Dog Care, Dog Grooming & Dog Nutrition with Dog Training",Training Express Ltd,528 students,https://www.reed.co.uk/courses/dog-first-aid-dog-care-dog-grooming-dog-nutrition-with-dog-training/321296#/courses/online?pageno=9
204,NCFE CACHE Level 3 Award in Childcare and Education,Association of Learning,70 enquiries,https://www.reed.co.uk/courses/ncfe-cache-level-3-award-in-childcare-and-education/336201#/courses/online?pageno=9
205,Pharmacy Assistant Dispenser and Pharmacy Technician Training - CPD Certified,Training Tale,582 students,https://www.reed.co.uk/courses/pharmacy-assistant-dispenser-and-pharmacy-technician-training-cpd-certified/345560#/courses/online?pageno=9
206,Project Management for Project Managers,Reed Business School,"2,264 students",https://www.reed.co.uk/courses/project-management-for-project-managers/349040#/courses/online?pageno=9
207,Train the Trainer with Leadership Management - CPD Certified Diploma,NextGen Learning,575 students,https://www.reed.co.uk/courses/train-the-trainer-with-leadership-management-cpd-certified-diploma/358237#/courses/online?pageno=9
208,"Quantity Surveying, Construction Management & Estimation",NextGen Learning,105 students,https://www.reed.co.uk/courses/quantity-surveying-construction-management-estimation/360217#/courses/online?pageno=9
209,"Childcare, Safeguarding & Child Development Level 3 & 4 - CPD Accredited",NextGen Learning,151 students,https://www.reed.co.uk/courses/childcare-safeguarding-child-development-level-3-4-cpd-accredited/362365#/courses/online?pageno=9
210,"Level 7 Advanced Diploma in Child Psychology, Child Counselling & Mental Health Childcare",NextGen Learning,38 students,https://www.reed.co.uk/courses/level-7-advanced-diploma-in-child-psychology-child-counselling-mental-health-childcare/363714#/courses/online?pageno=9
211,CIPD Level 5 Fast Track Senior People Management,We-are-HR,67 enquiries,https://www.reed.co.uk/courses/cipd-level-5-fast-track-senior-people-management/450248#/courses/online?pageno=9
212,"Level 1, 2 and 3 Diploma in Sales and Marketing",Empower UK Employment Training,123 students,https://www.reed.co.uk/courses/level-1-2-and-3-diploma-in-sales-and-marketing/457432#/courses/online?pageno=9
213,"SEN Teaching Assistant & Disability (SEND), Behaviour Management, Early Years & Childcare",Learner Ground,56 students,https://www.reed.co.uk/courses/sen-teaching-assistant-disability-send-behaviour-management-early-years-childcare/461296#/courses/online?pageno=9
214,"HLTA, Teaching Assistant Level 1, 2 & 3 + PGCE, Early Years, Primary Teaching & Child Care",Wise Campus,134 students,https://www.reed.co.uk/courses/hlta-teaching-assistant-level-1-2-3--pgce-early-years-primary-teaching-child-care/462361#/courses/online?pageno=9
215,Diploma in Paralegal (Legal Secretary) - CPD Accredited,Royal Open College,57 students,https://www.reed.co.uk/courses/diploma-in-paralegal-legal-secretary-cpd-accredited/463754#/courses/online?pageno=9
216,Level 2 & 3 Diploma in Health and Social Care + Care Certificate Standards (1 to 16),Care Skills Training,221 students,https://www.reed.co.uk/courses/level-2-3-diploma-in-health-and-social-care--care-certificate-standards-1-to-16/477946#/courses/online?pageno=9
217,Level 3 Safeguarding Children and Vulnerable Adult,Care Skills Training,102 students,https://www.reed.co.uk/courses/level-3-safeguarding-children-and-vulnerable-adult/479594#/courses/online?pageno=9
218,"Level 7 Diploma in Fire Safety Management with RIDDOR, COSHH, Health and Safety at Work",Training Edge,19 students,https://www.reed.co.uk/courses/level-7-diploma-in-fire-safety-management-with-riddor-coshh-health-and-safety-at-work/495178#/courses/online?pageno=9
219,Basic Cleaning & Housekeeping for Beginners - CPD Accredited,Thames College,17 students,https://www.reed.co.uk/courses/basic-cleaning-housekeeping-for-beginners-cpd-accredited/507075#/courses/online?pageno=9
220,MBA Artificial Intelligence - Online,Walbrook Institute London,11 enquiries,https://www.reed.co.uk/courses/mba-artificial-intelligence-online/507336#/courses/online?pageno=9
221,"Customer Service, KYC, CDD & Customer Relationship Management (CRM) Diploma",Training Express Ltd,181 students,https://www.reed.co.uk/courses/customer-service-kyc-cdd-customer-relationship-management-crm-diploma/283303#/courses/online?pageno=9
222,Floristry and Flower Arrangements Diploma - CPD Certified,Royal Open College,11 students,https://www.reed.co.uk/courses/floristry-and-flower-arrangements-diploma-cpd-certified/507004#/courses/online?pageno=9
223,COSHH (Control of Substances Hazardous to Health) Training,Training Express Ltd,775 students,https://www.reed.co.uk/courses/coshh-control-of-substances-hazardous-to-health-training/272285#/courses/online?pageno=9
224,NEBOSH National General Certificate,SHEilds Ltd,"1,509 enquiries",https://www.reed.co.uk/courses/nebosh-national-general-certificate/55157#/courses/online?pageno=9
225,CACHE Level 3 Teaching Assistant & SEN Certificate (RQF),The Learning College Group,300 enquiries,https://www.reed.co.uk/courses/cache-level-3-teaching-assistant-sen-certificate-rqf/80536#/courses/online?pageno=10
226,Level 5 Diploma in Leadership for Health and Social Care,Enhanced Limited,"2,449 enquiries",https://www.reed.co.uk/courses/level-5-diploma-in-leadership-for-health-and-social-care/244601#/courses/online?pageno=10
227,MSc Business and Management (Business Analytics),University of Essex Online,60 enquiries,https://www.reed.co.uk/courses/msc-business-and-management-business-analytics/250544#/courses/online?pageno=10
228,UK General Data Protection Regulation (GDPR) and Data Security Training - CPD Certified,Academy for Health & Fitness,59 students,https://www.reed.co.uk/courses/uk-general-data-protection-regulation-gdpr-and-data-security-training-cpd-certified/271673#/courses/online?pageno=10
229,MSc Cyber Security - 100% Online,University of Essex Online,616 enquiries,https://www.reed.co.uk/courses/msc-cyber-security-100-online/271835#/courses/online?pageno=10
230,"Diploma in Digital Marketing: Google Ads, PPC, SEO, Social Media, Canva, Youtube, LinkedIn",Training Express Ltd,405 students,https://www.reed.co.uk/courses/diploma-in-digital-marketing-google-ads-ppc-seo-social-media-canva-youtube-linkedin/272102#/courses/online?pageno=10
231,Agile Project Management (AgilePM) Foundation and Practitioner,Training Bytesize,244 enquiries,https://www.reed.co.uk/courses/agile-project-management-agilepm-foundation-and-practitioner/279802#/courses/online?pageno=10
232,Level 5 Certificate in British Cleaning & Housekeeping - CPD Accredited,Training Express Ltd,"1,150 students",https://www.reed.co.uk/courses/level-5-certificate-in-british-cleaning-housekeeping-cpd-accredited/282515#/courses/online?pageno=10
233,"Functional Skills Maths Level 2, Functional Skills English Level 2, Functional Skills IT",Academy for Health & Fitness,646 students,https://www.reed.co.uk/courses/functional-skills-maths-level-2-functional-skills-english-level-2-functional-skills-it/288353#/courses/online?pageno=10
234,Level 3 Diploma in Control and Administration of Medication - CPD Accredited,Training Express Ltd,529 students,https://www.reed.co.uk/courses/level-3-diploma-in-control-and-administration-of-medication-cpd-accredited/289258#/courses/online?pageno=10
235,Minute Taking - CPD Certified Course,Training Express Ltd,513 students,https://www.reed.co.uk/courses/minute-taking-cpd-certified-course/315199#/courses/online?pageno=10
236,Level 5 Diploma in Plumbing and Domestic Heating,Imperial Academy,120 students,https://www.reed.co.uk/courses/level-5-diploma-in-plumbing-and-domestic-heating/333933#/courses/online?pageno=10
237,CIPD Level 7 Advanced Diploma Strategic People Management,We-are-HR,240 enquiries,https://www.reed.co.uk/courses/cipd-level-7-advanced-diploma-strategic-people-management/334930#/courses/online?pageno=10
238,"UK Employment Law, Human Resources (HR) Management and Payroll - CPD Certified",Academy for Health & Fitness,501 students,https://www.reed.co.uk/courses/uk-employment-law-human-resources-hr-management-and-payroll-cpd-certified/340568#/courses/online?pageno=10
239,Level 2 Diploma in Health and Social Care with Care Certificate,Training Express Ltd,261 students,https://www.reed.co.uk/courses/level-2-diploma-in-health-and-social-care-with-care-certificate/343572#/courses/online?pageno=10
240,Organisational Skills Training Course,Academy of Skills,Online,https://www.reed.co.uk/courses/organisational-skills-training-course/355029#/courses/online?pageno=10
241,"Retail Management, Merchandising & Product Management - CPD Certified",NextGen Learning,67 students,https://www.reed.co.uk/courses/retail-management-merchandising-product-management-cpd-certified/363679#/courses/online?pageno=10
242,Virtual Assistant Level 3 Diploma,Texlearn Academy,11 students,https://www.reed.co.uk/courses/virtual-assistant-level-3-diploma/366155#/courses/online?pageno=10
243,CIPD Level 5 Associate Diploma in Organisational Learning and Development,Reed Business School,188 enquiries,https://www.reed.co.uk/courses/cipd-level-5-associate-diploma-in-organisational-learning-and-development/381462#/courses/online?pageno=10
244,CIPD Level 7 Advanced Diploma in Strategic People Management,Reed Business School,337 enquiries,https://www.reed.co.uk/courses/cipd-level-7-advanced-diploma-in-strategic-people-management/381467#/courses/online?pageno=10
245,Agile Project Management (AgilePM®) Practitioner & Foundation,TCC Training and Consultancy,148 enquiries,https://www.reed.co.uk/courses/agile-project-management-agilepm-practitioner-foundation/426649#/courses/online?pageno=10
246,"UK Tax : Tax Accounting, HMRC, Corporation Tax Returns, Self Assessment Tax Return",Course Drive,165 students,https://www.reed.co.uk/courses/uk-tax--tax-accounting-hmrc-corporation-tax-returns-self-assessment-tax-return/448056#/courses/online?pageno=10
247,Nutrition Diploma Level 5: Nutritionist Course (Health and Nutrition) - CPD Accredited,Royal Open College,61 students,https://www.reed.co.uk/courses/nutrition-diploma-level-5-nutritionist-course-health-and-nutrition-cpd-accredited/450992#/courses/online?pageno=10
248,Level 5 Diploma in Car Mechanic & Car Maintenance - CPD Accredited,Royal Open College,69 students,https://www.reed.co.uk/courses/level-5-diploma-in-car-mechanic-car-maintenance-cpd-accredited/454222#/courses/online?pageno=10
249,Level 3 HACCP for Managers and Supervisors - CPD Accredited,Royal Open College,52 students,https://www.reed.co.uk/courses/level-3-haccp-for-managers-and-supervisors-cpd-accredited/456715#/courses/online?pageno=10
